question,category,role,experience,difficulty,source_type,ideal_answer,keywords
Describe a project where teamwork was essential to success.,['Team Collaboration'],"['DevOps Engineer', 'HR Specialist', 'Product Manager', 'Data Scientist', 'UX Designer', 'Marketing Associate', 'QA Analyst', 'Software Engineer']","['1 year', '6 years', '7+ years', '3 years', 'intern', '4 years', 'fresher', '2 years', '5 years']","['Medium', 'Easy', 'Hard']","['STAR-Based', 'Behavioral', 'Open-Ended', 'Situational']","['I believe communication and mutual respect are key to successful collaboration. In one project, we achieved X because of great teamwork. Describe a project where teamwork was essential to success.']","['cooperate', 'collaboration', 'team', 'group', 'partner']"
Describe a time you failed and what you learned from it.,['Adaptability'],"['DevOps Engineer', 'HR Specialist', 'Product Manager', 'Data Scientist', 'UX Designer', 'Marketing Associate', 'QA Analyst', 'Software Engineer']","['1 year', '6 years', '7+ years', 'intern', '3 years', '4 years', 'fresher', '2 years', '5 years']","['Medium', 'Easy', 'Hard']","['Behavioral', 'Open-Ended', 'Situational', 'STAR-Based']","[""I'm always eager to learn and embrace change as a way to improve. For example, I once had to switch to a new tech stack and picked it up quickly. Describe a time you failed and what you learned from it.""]","['adjust', 'learn', 'new', 'change', 'flexible']"
Describe a time you felt out of place in a workplace culture.,['Culture Fit'],"['DevOps Engineer', 'HR Specialist', 'Marketing Associate', 'Data Scientist', 'UX Designer', 'Product Manager', 'QA Analyst', 'Software Engineer']","['1 year', '6 years', '3 years', 'intern', '7+ years', '4 years', '2 years', 'fresher', '5 years']","['Medium', 'Easy', 'Hard']","['STAR-Based', 'Open-Ended', 'Behavioral', 'Situational']","['I thrive in collaborative, transparent environments where innovation and respect are valued. Describe a time you felt out of place in a workplace culture.']","['company', 'fit', 'culture', 'environment', 'belief', 'value']"
Describe a time you handled a difficult situation professionally.,['Conflict Resolution'],"['DevOps Engineer', 'HR Specialist', 'Product Manager', 'Data Scientist', 'UX Designer', 'Marketing Associate', 'QA Analyst', 'Software Engineer']","['1 year', '6 years', '7+ years', 'intern', '3 years', '4 years', '2 years', 'fresher', '5 years']","['Medium', 'Easy', 'Hard']","['STAR-Based', 'Open-Ended', 'Behavioral', 'Situational']","['When faced with conflict, I approach it calmly and try to understand all perspectives before finding a solution together. Describe a time you handled a difficult situation professionally.']","['problem', 'challenge', 'conflict', 'disagree', 'resolve']"
Describe a time you led a project or team.,['Leadership'],"['DevOps Engineer', 'HR Specialist', 'Marketing Associate', 'Data Scientist', 'UX Designer', 'Product Manager', 'QA Analyst', 'Software Engineer']","['1 year', 'intern', '7+ years', '6 years', '3 years', '4 years', 'fresher', '2 years', '5 years']","['Medium', 'Easy', 'Hard']","['STAR-Based', 'Open-Ended', 'Behavioral', 'Situational']","['I lead by example and encourage open communication and accountability. One time, I led a team through X and we achieved Y. Describe a time you led a project or team.']","['lead', 'mentor', 'manage', 'guide', 'supervise']"
Describe your ideal workday.,['Work Style'],"['DevOps Engineer', 'HR Specialist', 'Marketing Associate', 'Data Scientist', 'Product Manager', 'UX Designer', 'QA Analyst', 'Software Engineer']","['1 year', 'intern', '7+ years', '3 years', '6 years', '4 years', '2 years', 'fresher', '5 years']","['Medium', 'Easy', 'Hard']","['STAR-Based', 'Behavioral', 'Open-Ended', 'Situational']",['I follow a structured workflow and use tools like Jira/Trello/Notion to manage my tasks efficiently. Describe your ideal workday.'],"['daily routine', 'process', 'tool', 'method', 'workflow']"
Do you prefer working independently or in teams? Why?,['Work Style'],"['DevOps Engineer', 'HR Specialist', 'Product Manager', 'Marketing Associate', 'UX Designer', 'Data Scientist', 'QA Analyst', 'Software Engineer']","['1 year', '6 years', '3 years', '7+ years', 'intern', '4 years', '2 years', 'fresher', '5 years']","['Medium', 'Easy', 'Hard']","['STAR-Based', 'Behavioral', 'Open-Ended', 'Situational']",['I follow a structured workflow and use tools like Jira/Trello/Notion to manage my tasks efficiently. Do you prefer working independently or in teams? Why?'],"['daily routine', 'process', 'tool', 'method', 'workflow']"
How do you align with our company values?,['Culture Fit'],"['DevOps Engineer', 'HR Specialist', 'Marketing Associate', 'Data Scientist', 'UX Designer', 'Product Manager', 'QA Analyst', 'Software Engineer']","['1 year', 'intern', '3 years', '6 years', '7+ years', '4 years', '2 years', 'fresher', '5 years']","['Medium', 'Easy', 'Hard']","['STAR-Based', 'Behavioral', 'Open-Ended', 'Situational']","['I thrive in collaborative, transparent environments where innovation and respect are valued. How do you align with our company values?']","['fit', 'value', 'culture', 'environment', 'belief', 'company']"
How do you build trust with new teammates?,['Team Collaboration'],"['DevOps Engineer', 'HR Specialist', 'Marketing Associate', 'Data Scientist', 'UX Designer', 'Product Manager', 'QA Analyst', 'Software Engineer']","['1 year', 'intern', '3 years', '7+ years', '6 years', '4 years', 'fresher', '2 years', '5 years']","['Medium', 'Easy', 'Hard']","['STAR-Based', 'Open-Ended', 'Behavioral', 'Situational']","['I believe communication and mutual respect are key to successful collaboration. In one project, we achieved X because of great teamwork. How do you build trust with new teammates?']","['collaboration', 'cooperate', 'group', 'partner', 'team']"
How do you contribute to a positive team environment?,['Culture Fit'],"['DevOps Engineer', 'HR Specialist', 'Marketing Associate', 'Product Manager', 'UX Designer', 'Data Scientist', 'QA Analyst', 'Software Engineer']","['1 year', 'intern', '3 years', '6 years', '7+ years', '4 years', '2 years', 'fresher', '5 years']","['Medium', 'Easy', 'Hard']","['STAR-Based', 'Behavioral', 'Open-Ended', 'Situational']","['I thrive in collaborative, transparent environments where innovation and respect are valued. How do you contribute to a positive team environment?']","['company', 'fit', 'culture', 'environment', 'belief', 'value']"
How do you deal with feedback that you disagree with?,['Conflict Resolution'],"['DevOps Engineer', 'HR Specialist', 'Product Manager', 'Data Scientist', 'UX Designer', 'Marketing Associate', 'QA Analyst', 'Software Engineer']","['1 year', '6 years', '3 years', 'intern', '7+ years', '4 years', '2 years', 'fresher', '5 years']","['Medium', 'Easy', 'Hard']","['STAR-Based', 'Open-Ended', 'Behavioral', 'Situational']","['When faced with conflict, I approach it calmly and try to understand all perspectives before finding a solution together. How do you deal with feedback that you disagree with?']","['challenge', 'conflict', 'resolve', 'disagree', 'problem']"
How do you delegate tasks effectively?,['Leadership'],"['DevOps Engineer', 'HR Specialist', 'Product Manager', 'Marketing Associate', 'UX Designer', 'Data Scientist', 'QA Analyst', 'Software Engineer']","['1 year', '6 years', '7+ years', '3 years', 'intern', '4 years', 'fresher', '2 years', '5 years']","['Medium', 'Easy', 'Hard']","['STAR-Based', 'Open-Ended', 'Behavioral', 'Situational']","['I lead by example and encourage open communication and accountability. One time, I led a team through X and we achieved Y. How do you delegate tasks effectively?']","['lead', 'mentor', 'manage', 'guide', 'supervise']"
How do you ensure productivity when working remotely?,['Work Style'],"['DevOps Engineer', 'HR Specialist', 'Product Manager', 'Marketing Associate', 'UX Designer', 'Data Scientist', 'QA Analyst', 'Software Engineer']","['1 year', 'intern', '3 years', '7+ years', '6 years', '4 years', 'fresher', '2 years', '5 years']","['Medium', 'Easy', 'Hard']","['Behavioral', 'Open-Ended', 'Situational', 'STAR-Based']",['I follow a structured workflow and use tools like Jira/Trello/Notion to manage my tasks efficiently. How do you ensure productivity when working remotely?'],"['daily routine', 'process', 'tool', 'method', 'workflow']"
How do you handle disagreements within a team?,['Team Collaboration'],"['DevOps Engineer', 'HR Specialist', 'Product Manager', 'Data Scientist', 'UX Designer', 'Marketing Associate', 'QA Analyst', 'Software Engineer']","['1 year', 'intern', '3 years', '7+ years', '6 years', '4 years', 'fresher', '2 years', '5 years']","['Medium', 'Easy', 'Hard']","['Behavioral', 'Open-Ended', 'Situational', 'STAR-Based']","['I believe communication and mutual respect are key to successful collaboration. In one project, we achieved X because of great teamwork. How do you handle disagreements within a team?']","['collaboration', 'cooperate', 'team', 'group', 'partner']"
How do you motivate others in a leadership role?,['Leadership'],"['DevOps Engineer', 'HR Specialist', 'Marketing Associate', 'Data Scientist', 'Product Manager', 'UX Designer', 'QA Analyst', 'Software Engineer']","['1 year', '6 years', '3 years', '7+ years', 'intern', '4 years', 'fresher', '2 years', '5 years']","['Medium', 'Easy', 'Hard']","['STAR-Based', 'Behavioral', 'Open-Ended', 'Situational']","['I lead by example and encourage open communication and accountability. One time, I led a team through X and we achieved Y. How do you motivate others in a leadership role?']","['lead', 'mentor', 'manage', 'guide', 'supervise']"
How do you organize and prioritize your daily tasks?,['Work Style'],"['DevOps Engineer', 'HR Specialist', 'Product Manager', 'Data Scientist', 'UX Designer', 'Marketing Associate', 'QA Analyst', 'Software Engineer']","['1 year', 'intern', '7+ years', '3 years', '6 years', '4 years', 'fresher', '2 years', '5 years']","['Medium', 'Easy', 'Hard']","['STAR-Based', 'Open-Ended', 'Behavioral', 'Situational']",['I follow a structured workflow and use tools like Jira/Trello/Notion to manage my tasks efficiently. How do you organize and prioritize your daily tasks?'],"['daily routine', 'process', 'tool', 'method', 'workflow']"
How do you react to sudden changes in priorities?,['Adaptability'],"['DevOps Engineer', 'HR Specialist', 'Product Manager', 'Data Scientist', 'UX Designer', 'Marketing Associate', 'QA Analyst', 'Software Engineer']","['1 year', 'intern', '3 years', '6 years', '7+ years', '4 years', 'fresher', '2 years', '5 years']","['Medium', 'Easy', 'Hard']","['STAR-Based', 'Open-Ended', 'Behavioral', 'Situational']","[""I'm always eager to learn and embrace change as a way to improve. For example, I once had to switch to a new tech stack and picked it up quickly. How do you react to sudden changes in priorities?""]","['adjust', 'learn', 'new', 'change', 'flexible']"
How do you respond when a teammate isn't pulling their weight?,['Conflict Resolution'],"['DevOps Engineer', 'HR Specialist', 'Marketing Associate', 'Data Scientist', 'UX Designer', 'Product Manager', 'QA Analyst', 'Software Engineer']","['1 year', '6 years', '3 years', 'intern', '7+ years', '4 years', 'fresher', '2 years', '5 years']","['Medium', 'Easy', 'Hard']","['STAR-Based', 'Open-Ended', 'Behavioral', 'Situational']","[""When faced with conflict, I approach it calmly and try to understand all perspectives before finding a solution together. How do you respond when a teammate isn't pulling their weight?""]","['problem', 'challenge', 'conflict', 'disagree', 'resolve']"
How do you stay motivated during repetitive tasks?,['Motivation'],"['DevOps Engineer', 'HR Specialist', 'Marketing Associate', 'Data Scientist', 'UX Designer', 'Product Manager', 'QA Analyst', 'Software Engineer']","['1 year', 'intern', '3 years', '6 years', '7+ years', '4 years', 'fresher', '2 years', '5 years']","['Medium', 'Easy', 'Hard']","['STAR-Based', 'Open-Ended', 'Behavioral', 'Situational']","[""I'm motivated by challenges and the opportunity to grow both personally and professionally. How do you stay motivated during repetitive tasks?""]","['passion', 'why', 'goal', 'drive', 'reason', 'inspiration']"
How do you stay updated with industry trends?,['Adaptability'],"['DevOps Engineer', 'HR Specialist', 'Marketing Associate', 'Data Scientist', 'UX Designer', 'Product Manager', 'QA Analyst', 'Software Engineer']","['1 year', 'intern', '6 years', '7+ years', '3 years', '4 years', 'fresher', '2 years', '5 years']","['Medium', 'Easy', 'Hard']","['Behavioral', 'Open-Ended', 'Situational', 'STAR-Based']","[""I'm always eager to learn and embrace change as a way to improve. For example, I once had to switch to a new tech stack and picked it up quickly. How do you stay updated with industry trends?""]","['adjust', 'learn', 'new', 'change', 'flexible']"
How does this role fit into your career path?,['Career Goals'],"['DevOps Engineer', 'HR Specialist', 'Marketing Associate', 'Data Scientist', 'UX Designer', 'Product Manager', 'QA Analyst', 'Software Engineer']","['1 year', 'intern', '7+ years', '6 years', '3 years', '4 years', '2 years', 'fresher', '5 years']","['Medium', 'Easy', 'Hard']","['STAR-Based', 'Behavioral', 'Open-Ended', 'Situational']",['My long-term goal is to grow into a senior role where I can contribute more strategically and mentor others. This role brings me closer to that. How does this role fit into your career path?'],"['dream', 'plan', 'future', 'aspiration', 'next step']"
Tell me about a conflict you had with a coworker and how you resolved it.,['Conflict Resolution'],"['DevOps Engineer', 'HR Specialist', 'Marketing Associate', 'Data Scientist', 'UX Designer', 'Product Manager', 'QA Analyst', 'Software Engineer']","['1 year', 'intern', '3 years', '7+ years', '6 years', '4 years', '2 years', 'fresher', '5 years']","['Medium', 'Easy', 'Hard']","['STAR-Based', 'Open-Ended', 'Behavioral', 'Situational']","['When faced with conflict, I approach it calmly and try to understand all perspectives before finding a solution together. Tell me about a conflict you had with a coworker and how you resolved it.']","['problem', 'challenge', 'conflict', 'disagree', 'resolve']"
Tell me about a time you had to learn something completely new quickly.,['Adaptability'],"['DevOps Engineer', 'HR Specialist', 'Marketing Associate', 'Data Scientist', 'UX Designer', 'Product Manager', 'QA Analyst', 'Software Engineer']","['1 year', '6 years', '7+ years', '3 years', 'intern', '4 years', 'fresher', '2 years', '5 years']","['Medium', 'Easy', 'Hard']","['Behavioral', 'Open-Ended', 'Situational', 'STAR-Based']","[""I'm always eager to learn and embrace change as a way to improve. For example, I once had to switch to a new tech stack and picked it up quickly. Tell me about a time you had to learn something completely new quickly.""]","['adjust', 'learn', 'new', 'change', 'flexible']"
Tell me about a time you mentored someone.,['Leadership'],"['DevOps Engineer', 'HR Specialist', 'Marketing Associate', 'Product Manager', 'UX Designer', 'Data Scientist', 'QA Analyst', 'Software Engineer']","['1 year', 'intern', '7+ years', '3 years', '6 years', '4 years', 'fresher', '2 years', '5 years']","['Medium', 'Easy', 'Hard']","['STAR-Based', 'Open-Ended', 'Behavioral', 'Situational']","['I lead by example and encourage open communication and accountability. One time, I led a team through X and we achieved Y. Tell me about a time you mentored someone.']","['lead', 'mentor', 'manage', 'guide', 'supervise']"
Tell me about a time you were highly motivated to achieve a goal.,['Motivation'],"['DevOps Engineer', 'HR Specialist', 'Marketing Associate', 'Data Scientist', 'UX Designer', 'Product Manager', 'QA Analyst', 'Software Engineer']","['1 year', '6 years', '3 years', 'intern', '7+ years', '4 years', '2 years', 'fresher', '5 years']","['Medium', 'Easy', 'Hard']","['STAR-Based', 'Behavioral', 'Open-Ended', 'Situational']","[""I'm motivated by challenges and the opportunity to grow both personally and professionally. Tell me about a time you were highly motivated to achieve a goal.""]","['passion', 'why', 'goal', 'drive', 'reason', 'inspiration']"
Tell me about a time you worked well within a team.,['Team Collaboration'],"['DevOps Engineer', 'HR Specialist', 'Marketing Associate', 'Product Manager', 'UX Designer', 'Data Scientist', 'QA Analyst', 'Software Engineer']","['1 year', '6 years', '3 years', '7+ years', 'intern', '4 years', 'fresher', '2 years', '5 years']","['Medium', 'Easy', 'Hard']","['Behavioral', 'Open-Ended', 'Situational', 'STAR-Based']","['I believe communication and mutual respect are key to successful collaboration. In one project, we achieved X because of great teamwork. Tell me about a time you worked well within a team.']","['cooperate', 'collaboration', 'group', 'partner', 'team']"
What are your expectations from leadership in a company?,['Culture Fit'],"['DevOps Engineer', 'HR Specialist', 'Product Manager', 'Data Scientist', 'Marketing Associate', 'UX Designer', 'QA Analyst', 'Software Engineer']","['1 year', '6 years', '7+ years', '3 years', 'intern', '4 years', '2 years', 'fresher', '5 years']","['Medium', 'Easy', 'Hard']","['STAR-Based', 'Open-Ended', 'Behavioral', 'Situational']","['I thrive in collaborative, transparent environments where innovation and respect are valued. What are your expectations from leadership in a company?']","['fit', 'value', 'culture', 'environment', 'belief', 'company']"
What are your long-term career aspirations?,['Career Goals'],"['DevOps Engineer', 'HR Specialist', 'Marketing Associate', 'Product Manager', 'Data Scientist', 'UX Designer', 'QA Analyst', 'Software Engineer']","['1 year', 'intern', '7+ years', '6 years', '3 years', '4 years', 'fresher', '2 years', '5 years']","['Medium', 'Easy', 'Hard']","['STAR-Based', 'Behavioral', 'Open-Ended', 'Situational']",['My long-term goal is to grow into a senior role where I can contribute more strategically and mentor others. This role brings me closer to that. What are your long-term career aspirations?'],"['dream', 'plan', 'future', 'next step', 'aspiration']"
What drives your passion for this field?,['Motivation'],"['DevOps Engineer', 'HR Specialist', 'Marketing Associate', 'Data Scientist', 'UX Designer', 'Product Manager', 'QA Analyst', 'Software Engineer']","['1 year', '6 years', '3 years', '7+ years', 'intern', '4 years', 'fresher', '2 years', '5 years']","['Medium', 'Easy', 'Hard']","['STAR-Based', 'Behavioral', 'Open-Ended', 'Situational']","[""I'm motivated by challenges and the opportunity to grow both personally and professionally. What drives your passion for this field?""]","['passion', 'why', 'goal', 'drive', 'reason', 'inspiration']"
What kind of growth opportunities are you looking for?,['Career Goals'],"['DevOps Engineer', 'HR Specialist', 'Marketing Associate', 'Data Scientist', 'UX Designer', 'Product Manager', 'QA Analyst', 'Software Engineer']","['1 year', 'intern', '3 years', '6 years', '7+ years', '4 years', '2 years', 'fresher', '5 years']","['Medium', 'Easy', 'Hard']","['STAR-Based', 'Open-Ended', 'Behavioral', 'Situational']",['My long-term goal is to grow into a senior role where I can contribute more strategically and mentor others. This role brings me closer to that. What kind of growth opportunities are you looking for?'],"['dream', 'plan', 'future', 'next step', 'aspiration']"
What makes a good leader in your opinion?,['Leadership'],"['DevOps Engineer', 'HR Specialist', 'Marketing Associate', 'Product Manager', 'UX Designer', 'Data Scientist', 'QA Analyst', 'Software Engineer']","['1 year', 'intern', '3 years', '7+ years', '6 years', '4 years', '2 years', 'fresher', '5 years']","['Medium', 'Easy', 'Hard']","['STAR-Based', 'Behavioral', 'Open-Ended', 'Situational']","['I lead by example and encourage open communication and accountability. One time, I led a team through X and we achieved Y. What makes a good leader in your opinion?']","['lead', 'mentor', 'manage', 'guide', 'supervise']"
What motivates you to come to work every day?,['Motivation'],"['DevOps Engineer', 'HR Specialist', 'Marketing Associate', 'Data Scientist', 'UX Designer', 'Product Manager', 'QA Analyst', 'Software Engineer']","['1 year', 'intern', '3 years', '6 years', '7+ years', '4 years', 'fresher', '2 years', '5 years']","['Medium', 'Easy', 'Hard']","['STAR-Based', 'Behavioral', 'Open-Ended', 'Situational']","[""I'm motivated by challenges and the opportunity to grow both personally and professionally. What motivates you to come to work every day?""]","['passion', 'why', 'goal', 'drive', 'reason', 'inspiration']"
What role do you usually play in group settings?,['Team Collaboration'],"['DevOps Engineer', 'HR Specialist', 'Marketing Associate', 'Data Scientist', 'UX Designer', 'Product Manager', 'QA Analyst', 'Software Engineer']","['1 year', '6 years', '7+ years', 'intern', '3 years', '4 years', 'fresher', '2 years', '5 years']","['Medium', 'Easy', 'Hard']","['STAR-Based', 'Open-Ended', 'Behavioral', 'Situational']","['I believe communication and mutual respect are key to successful collaboration. In one project, we achieved X because of great teamwork. What role do you usually play in group settings?']","['collaboration', 'cooperate', 'group', 'partner', 'team']"
What skills do you hope to develop in your next role?,['Career Goals'],"['DevOps Engineer', 'HR Specialist', 'Product Manager', 'Marketing Associate', 'Data Scientist', 'UX Designer', 'QA Analyst', 'Software Engineer']","['1 year', '6 years', '3 years', '7+ years', 'intern', '4 years', '2 years', 'fresher', '5 years']","['Medium', 'Easy', 'Hard']","['STAR-Based', 'Open-Ended', 'Behavioral', 'Situational']",['My long-term goal is to grow into a senior role where I can contribute more strategically and mentor others. This role brings me closer to that. What skills do you hope to develop in your next role?'],"['dream', 'plan', 'future', 'aspiration', 'next step']"
What tools or methods help you stay organized?,['Work Style'],"['DevOps Engineer', 'HR Specialist', 'Product Manager', 'Data Scientist', 'Marketing Associate', 'UX Designer', 'QA Analyst', 'Software Engineer']","['1 year', 'intern', '7+ years', '3 years', '6 years', '4 years', 'fresher', '2 years', '5 years']","['Medium', 'Easy', 'Hard']","['STAR-Based', 'Behavioral', 'Open-Ended', 'Situational']",['I follow a structured workflow and use tools like Jira/Trello/Notion to manage my tasks efficiently. What tools or methods help you stay organized?'],"['daily routine', 'process', 'tool', 'method', 'workflow']"
What type of company culture do you thrive in?,['Culture Fit'],"['DevOps Engineer', 'HR Specialist', 'Marketing Associate', 'Data Scientist', 'Product Manager', 'UX Designer', 'QA Analyst', 'Software Engineer']","['1 year', '6 years', '7+ years', '3 years', 'intern', '4 years', '2 years', 'fresher', '5 years']","['Medium', 'Easy', 'Hard']","['STAR-Based', 'Open-Ended', 'Behavioral', 'Situational']","['I thrive in collaborative, transparent environments where innovation and respect are valued. What type of company culture do you thrive in?']","['fit', 'value', 'culture', 'environment', 'belief', 'company']"
What would you do if you disagreed with your manager?,['Conflict Resolution'],"['DevOps Engineer', 'HR Specialist', 'Product Manager', 'Data Scientist', 'UX Designer', 'Marketing Associate', 'QA Analyst', 'Software Engineer']","['1 year', 'intern', '6 years', '3 years', '7+ years', '4 years', 'fresher', '2 years', '5 years']","['Medium', 'Easy', 'Hard']","['STAR-Based', 'Open-Ended', 'Behavioral', 'Situational']","['When faced with conflict, I approach it calmly and try to understand all perspectives before finding a solution together. What would you do if you disagreed with your manager?']","['problem', 'challenge', 'conflict', 'disagree', 'resolve']"
What's the most significant change you've had to adapt to at work?,['Adaptability'],"['DevOps Engineer', 'HR Specialist', 'Marketing Associate', 'Data Scientist', 'Product Manager', 'UX Designer', 'QA Analyst', 'Software Engineer']","['1 year', 'intern', '3 years', '7+ years', '6 years', '4 years', 'fresher', '2 years', '5 years']","['Medium', 'Easy', 'Hard']","['STAR-Based', 'Open-Ended', 'Behavioral', 'Situational']","[""I'm always eager to learn and embrace change as a way to improve. For example, I once had to switch to a new tech stack and picked it up quickly. What's the most significant change you've had to adapt to at work?""]","['adjust', 'learn', 'new', 'change', 'flexible']"
Where do you see yourself in 5 years?,['Career Goals'],"['DevOps Engineer', 'HR Specialist', 'Product Manager', 'Data Scientist', 'Marketing Associate', 'UX Designer', 'QA Analyst', 'Software Engineer']","['1 year', '6 years', '3 years', '7+ years', 'intern', '4 years', '2 years', 'fresher', '5 years']","['Medium', 'Easy', 'Hard']","['Behavioral', 'Open-Ended', 'Situational', 'STAR-Based']",['My long-term goal is to grow into a senior role where I can contribute more strategically and mentor others. This role brings me closer to that. Where do you see yourself in 5 years?'],"['dream', 'plan', 'future', 'aspiration', 'next step']"
Why do you want to work at our company?,['Motivation'],"['DevOps Engineer', 'HR Specialist', 'Product Manager', 'Data Scientist', 'UX Designer', 'Marketing Associate', 'QA Analyst', 'Software Engineer']","['1 year', 'intern', '7+ years', '6 years', '3 years', '4 years', '2 years', 'fresher', '5 years']","['Medium', 'Easy', 'Hard']","['STAR-Based', 'Open-Ended', 'Behavioral', 'Situational']","[""I'm motivated by challenges and the opportunity to grow both personally and professionally. Why do you want to work at our company?""]","['passion', 'why', 'goal', 'drive', 'reason', 'inspiration']"
